# Portolan : Wörterbuch Deutsch (1/…). Format : Fingerabdruck des französischen Textes, Leerzeichen, Übersetzung.
44005a45 Zum Inhalt springen
ac91baf0 Die Flotte
6c9068a9 Kaufen
5e821bd8 Chartern
de4e8903 Methode
87a823aa Unsere Reviere
73ac94c3 Kontakt
e89764a3 <span class="visually-hidden">Sprache: </span>FR
4d343f2d Startseite
e5d20629 Kauf, Verkauf und Suche von Yachten
c37568ef Eine Yacht kaufen
c2875908 Wir finden das Boot, bevor es angeboten wird, besichtigen es vor Ihnen und bleiben an Ihrer Seite bis zur ersten Ausfahrt.
59cba022 Suchauftrag erteilen
5b1cf20c Ihre Yacht verkaufen
222a68ad Yachten zum Verkauf
627937d9 unserer Verkäufe diskret
d7ca5940 Sprachen im Büro
df2fe72f Drei Boote statt dreißig. Wir waren an Bord jedes einzelnen, kennen seine Geschichte und sagen Ihnen auch, was die Anzeigen verschweigen.
bbcab85b Zu verkaufen
77b94e15 3 Yachten, von 7,9 bis 42 Millionen Euro
17026ecf Jede wurde von unseren Maklern besichtigt und probegefahren. Weitere, nie inserierte Yachten stellen wir Ihnen nach Vereinbarung vor.
cb4d4dbf Exklusiv bei Portolan
1250cad6 50 m · 2024 · 12 Gäste · 6 Kabinen
2671e594 50 m · 2022 · 12 Gäste · 6 Kabinen
5910ec0a 29,2 m · 2021 · 10 Gäste · 5 Kabinen
6da518ff Die ganze Flotte
2f0e5f3e Unsere Begleitung
dfe59b8d Von der Suche bis zur Schlüsselübergabe
5fc36d30 Ein einziger Ansprechpartner vom ersten Termin bis zur ersten Ausfahrt, und darüber hinaus.
70d3208f Das Anforderungsprofil
fe27fdef Wie Sie segeln und fahren, Ihre Gäste, Ihre Reviere, Ihr Budget für Kauf und Unterhalt. Eine Stunde, die Monate der Suche erspart.
0ed4ef1f Die Suche
17c76647 Der inserierte Markt und vor allem der, der es nicht ist: Ein Drittel unserer Verkäufe wird abgeschlossen, bevor etwas online erscheint.
a6c13a14 Die Besichtigungen
a5a574d9 Wir gehen vor Ihnen an Bord, dann mit Ihnen. Sie sehen nur die Boote, die die Reise wert sind.
e7e9df0c Das Angebot
88b852d3 Verhandlung, MYBA-Standardvorvertrag, Anzahlung von 10&nbsp;% auf einem Treuhandkonto: der Rahmen, der Käufer und Verkäufer schützt.
0417744f Probefahrt und Gutachten
114ba8c1 Eine Ausfahrt mit dem Kapitän, dann ein unabhängiges Gutachten von Rumpf und Maschinen, vor jeder endgültigen Verpflichtung.
ea77f83c Flagge und Crew
547f3329 Wahl der Flagge mit Ihren Beratern, Registrierung, Versicherung und die Auswahl eines Kapitäns, dem Sie vertrauen.
19ac5908 Die Schlüsselübergabe
d76c3f5f Das Boot ist bereit, die Crew ebenso. Wir sind für die erste Saison da, und für alle folgenden.
12038058 Die Kosten einer Yacht
1e566882 Was eine Yacht im Jahr kostet
fef2c686 Ein Richtwert der Branche: etwa 10&nbsp;% ihres Wertes pro Jahr. Verschieben Sie den Regler, um die Größenordnung zu sehen.
d9cb9d54 Kaufpreis
dd34e7be Geschätzte jährliche Kosten
00690e29 <span>Crew</span><b></b><em></em>
f9a1b093 <span>Wartung und Werft</span><b></b><em></em>
f7d6f9b5 <span>Liegeplatz</span><b></b><em></em>
895e5f25 <span>Versicherung</span><b></b><em></em>
fbf4c5f6 <span>Treibstoff</span><b></b><em></em>
ae7772db <span>Sonstiges und Unvorhergesehenes</span><b></b><em></em>
7743844d Größenordnung für eine neuere Motoryacht, die im Sommer im Mittelmeer unterwegs ist. Eine Vercharterung von rund zehn Wochen pro Saison kann einen großen Teil davon decken.
ef073f23 Verkaufen
f39898b2 Ihre Yacht verkaufen, mit aller Diskretion
f0516b25 Vertrauliche Bewertung innerhalb von 72 Stunden. Öffentlicher oder diskreter Verkauf, an Käufer, die wir bereits begleiten.
0a7c49c5 Werft und Modell
26a73d12 Baujahr
795bbf36 Länge
13f4ffbd Heimathafen
953dd555 Name
31bb94b0 E‑Mail
8c7c9d62 Ich bin damit einverstanden, dass Portolan diese Angaben nutzt, um mich zu meiner Anfrage zu kontaktieren.
7403808a Bewertung anfragen
de720394 Häufige Fragen
f3b9137e Vor dem Kauf
099b335c <span>Braucht man einen Makler, um eine Yacht zu kaufen?</span><i aria-hidden="true"></i>
6df78ec6 Es ist keine Pflicht, aber der Makler prüft, was die Anzeige nicht sagt: die Vorgeschichte, den tatsächlichen Zustand, die steuerliche Situation und die Boote, die nie inseriert werden.
98585a0b <span>Wer zahlt die Maklerprovision?</span><i aria-hidden="true"></i>
023e4d61 Nach Branchenbrauch trägt der Verkäufer die Verkaufsprovision. Für den Käufer kommt unsere Begleitung nicht zum Preis hinzu.
a7bd272b <span>Welche Kosten kommen zum Kaufpreis hinzu?</span><i aria-hidden="true"></i>
2ddfbae2 Das unabhängige Gutachten, Registrierung und Flagge, gegebenenfalls Zölle oder Mehrwertsteuer je nach Status des Bootes und die erste Inbetriebnahme. Wir beziffern sie vor dem Angebot.
00ae4434 <span>Was kostet eine Yacht im Jahr?</span><i aria-hidden="true"></i>
19663ddd Etwa 10&nbsp;% ihres Wertes, je nach Größe, Alter und Nutzung: Crew, Wartung, Versicherung, Liegeplatz und Treibstoff. Der Rechner oben zeigt die Größenordnung.
9eed3956 <span>Kann man die eigene Yacht verchartern, um die Kosten zu senken?</span><i aria-hidden="true"></i>
22b68ae6 Ja. Rund zehn Charterwochen pro Saison decken oft einen großen Teil der Betriebskosten. Wir übernehmen das Chartermanagement und die Buchungen.
c26b848c <span>Wie lange dauert ein Kauf?</span><i aria-hidden="true"></i>
d04d03f1 In der Regel ein bis drei Monate, von der ersten Besichtigung bis zur Schlüsselübergabe: die Zeit für Gutachten, Probefahrt und Formalitäten.
cc8f3a2e <span>Kann man aus dem Ausland kaufen?</span><i aria-hidden="true"></i>
ada5d5a3 Ja. Wir organisieren Besichtigungen per Video, das Gutachten und die Formalitäten und empfangen Sie zur Probefahrt. Wir arbeiten auf Französisch, Englisch, Deutsch und Italienisch.
3243b8b3 Beschreiben Sie uns die Yacht, die Sie suchen
bc3d3f58 Ein Makler ruft Sie innerhalb von 24 Stunden mit einer ersten Auswahl zurück, inseriert oder nicht.
d155d06d Typ
660668c0 Motoryacht
c6a02e8d Segelyacht
ef935efb Beides
2715dda8 Budget
77d9331a Unter 5 Mio. €
8e1eb891 Über 40 Mio. €
943c25ce Telefon <span>(optional)</span>
1193fdff Sprache
6beb41dc Was Ihnen wichtig ist <span>(optional)</span>
312a95f8 Suchauftrag erteilen
a00556fe Portolan, Yachtmakler, Saint‑Tropez und Monaco.
1b0c5806 Demonstrationswebsite gestaltet von <a href="https://www.sudwebproject.com/">SudWebProject</a>. Unternehmen, Yachten, Daten, Preise und Telefonnummern sind fiktiv. KI‑generierte Bilder.
85ec9082 Jetzt einen Makler sprechen
3755684f Yachtkauf an der Côte d'Azur, von Saint-Tropez bis Monaco | Portolan
add9ef9c Portolan, Startseite
6510c5c0 Hauptnavigation
c839ab5d Brotkrumennavigation
d6e36789 Ansehen
2cff9da3 Eine Yacht mit nachtblauem Rumpf, allein am Kai bei Nacht im Hafen von Antibes
266b52ba Benetti, Sanlorenzo, Perini…
dad9ffb4 Anzahl der Gäste, Fahrtgebiete, Zeitrahmen, bevorzugte Werften…
1b10e027 Einem Makler auf WhatsApp schreiben
60fde4f1 Eine Yacht kaufen mit einem Makler in Saint-Tropez und Monaco: 3 Yachten zum Verkauf von 7,9 bis 42 Mio. €, diskrete Suche, Gutachten, Probefahrt, jährliche Kosten. Ihre Yacht mit aller Diskretion verkaufen.
65bbc149 Die Yacht Camarat am Kai im alten Hafen von Saint-Tropez im Morgengrauen, mit heruntergelassener Gangway
6a93283c Guten Tag Portolan, ich möchte mit einem Makler sprechen.
532d01f0 Kauf und Verkauf von Yachten
4a4234ad Yacht Camarat
f08d8df4 Yacht Castellane
c384c0e1 Yacht Alizé
7b55eeda Braucht man einen Makler, um eine Yacht zu kaufen?
03cba6c6 Wer zahlt die Maklerprovision?
6c6ce37e Welche Kosten kommen zum Kaufpreis hinzu?
feae284e Was kostet eine Yacht im Jahr?
e1e8f24c Kann man die eigene Yacht verchartern, um die Kosten zu senken?
34b0ac9a Wie lange dauert ein Kauf?
25023701 Kann man aus dem Ausland kaufen?
402c4fb3 Saint‑Tropez und Monaco
21eb304a Schreiben Sie uns
51d18a35 Ein Makler antwortet Ihnen innerhalb von 24 Stunden, auch am Wochenende, auf Französisch, Englisch, Deutsch oder Italienisch.
e70d9e36 Anrufen
d4308a21 Ein Makler am Telefon
e4380f25 In der Saison täglich von 9 bis 20 Uhr.
baf0f3ad Der schnellste Weg, in der Saison
830ce831 <a href="https://wa.me/33600000000?text=Bonjour%20Portolan%2C%20je%20souhaite%20parler%20%C3%A0%20un%20courtier." target="_blank" rel="noopener">Einem Makler schreiben</a>
5582f137 Antwort innerhalb weniger Minuten von April bis Oktober, Fotos und Videos der Yachten auf Anfrage.
59adadb5 Schreiben
5af90ad3 Für ein vollständiges Dossier
aa1144f3 Antwort innerhalb von 24 Stunden, mit einer ersten Auswahl, wenn Sie uns von Ihrem Vorhaben erzählen.
8778ea3d Formular
fc3d9e2a Erzählen Sie uns von Ihrem Vorhaben
9531f9c5 Ein paar Zeilen genügen. Wir melden uns auf dem Weg, den Sie bevorzugen, niemals über einen Roboter.
0a2d962d Ein einziger Ansprechpartner, von der ersten Nachricht bis zur Schlüsselübergabe
53cb058e Absolute Diskretion, keine Daten werden weiterverkauft
215eeb70 Vertraulichkeitsvereinbarung auf einfache Anfrage
b34ec08f Ihr Vorhaben
a582d178 Etwas anderes
7ebb7bd1 Eine bestimmte Yacht <span>(optional)</span>
bebb8301 Noch keine
de77b4f4 Kontaktweg
e86ae054 Per Telefon
32b0775d Per E‑Mail
9cbf8ef1 Über WhatsApp
78c0f2a5 Ihre Nachricht <span>(optional)</span>
6c667cbf Senden
9f24aa09 Unsere Büros
7a24201a Besuchen Sie uns
1f2a8a8e Adresse
494e69e3 Route
ea4e4c67 April bis Oktober
711b7c46 Täglich, 9 bis 20 Uhr
c7fdb546 November bis März
fd3b535d Montag bis Samstag, 10 bis 18 Uhr
05b269c4 Quai Antoine I<sup>er</sup><br>98000 Monaco
710eebd6 Ganzjährig
be304962 Montag bis Freitag, 9 bis 19 Uhr
c87af2c7 Termine
7deff3ac Am Wochenende und an Bord, auf Anfrage
f482c134 Weitere Anfragen
eeb974e9 Kapitäne, Werften, Presse
728011a3 Kapitäne und Crews
5785c401 Wir rekrutieren für die Yachten, die wir verkaufen und verwalten. Senden Sie uns Ihren Lebenslauf und Ihre Referenzen.
3797d78d Werften und Partner
a942aa61 Werften, Gutachter, Seerechtsanwälte, Flaggenagenturen: Wir arbeiten mit einer Handvoll vertrauenswürdiger Partner.
c64bcc23 Presse
3630ebba Für ein Interview, Marktzahlen oder Bilder unserer Yachten antwortet Ihnen unser Team innerhalb von 48 Stunden.
543b0c24 Einen Yachtmakler in Saint-Tropez und Monaco kontaktieren | Portolan
e92ffd17 So erreichen Sie uns
20e1a0f3 Ihre Daten, die Anzahl der Gäste, ein Budget, eine Frage…
49eb31be Die flaschengrüne Fassade des Portolan-Büros am alten Hafen von Saint‑Tropez
11a48e50 Eine Yacht am Kai in Port Hercule, Monaco, zur blauen Stunde
3412872b Kontaktieren Sie Portolan, Yachtmakler in Saint-Tropez und Monaco: Telefon, WhatsApp, E-Mail oder Formular. Antwort innerhalb von 24 Stunden, auf Französisch, Englisch, Deutsch oder Italienisch.
0245dbcb Der Salon einer Portolan-Yacht
9928ea56 Die ideale erste Yacht: lebendig, lichtdurchflutet, unkompliziert.
ba82373d Werft
58f860a5 Gäste
69e717f2 Kabinen
baea3856 Crew
5a66d5a5 Über Alizé
715cdc09 Alizé wurde für eine Familie entworfen, die viel auf dem Wasser ist: helle Räume, eine große Terrasse am Vorschiff und ein Rumpf, der lautlos mit vierundzwanzig Knoten gleitet. Sie wird mit fünf Crewmitgliedern gefahren, was die Betriebskosten im Rahmen hält.
dd243a0e Gekalkte Eiche, Travertin, Rattan sowie oliv- und terrakottafarbene Stoffe verleihen ihr die Atmosphäre eines Ferienhauses. Sie liegt im alten Hafen von Saint‑Tropez und kann nach Vereinbarung besichtigt werden.
5d8036a2 Vorschiffsterrasse
562222d0 Lounge und Sonnenliegen am Bug, vor Blicken geschützt
9ae09db6 Kontrollierte Kosten
dbdd355a 5 Crewmitglieder, maßvoller Verbrauch bei Marschfahrt
a612766d Besichtigung in Saint‑Tropez
6ad59f2b Im alten Hafen vertäut, Besichtigung nach Vereinbarung
167bcf34 Rundgang an Bord
9c608734 An Bord der <em>Alizé</em>
ba9cd1ba Fünf Stationen, vom Kai des alten Hafens bis zur Vorschiffsterrasse, bei Sonnenuntergang. Eine einzige Kamerafahrt, die Sie beim Scrollen steuern.
a15f0a09 An Bord gehen
75262978 An Bord
bdb11734 5 Ansichten der <em>Alizé</em>
bdb045f5 Alle
1505b636 Außen
1c67cd38 Hauptdeck
