# Portolan : dictionnaire allemand, comptes clients et réservation en ligne. Format : empreinte du texte français, espace, traduction.
7ae67e8c Mein Konto
bc588db1 Kundenbereich
2ea9e4cb Einen Moment…
ad58d75c Verfolgen Sie Ihre Buchungen, finden Sie Ihre Daten und Bestätigungen und buchen Sie mit wenigen Klicks auf der Seite jeder Yacht.
ee53efe0 Anmelden
84641c09 Konto erstellen
56d28699 Wählen Sie Ihr neues Passwort.
43d89e35 Neues Passwort <small>(mindestens 8 Zeichen)</small>
68686cf5 Speichern
91c370d7 Meine Buchungen
7f56df9a Noch keine Buchung. <a class="link" href="../flotte/">Eine Yacht wählen</a>
d89d8ba5 Meine Angaben
4af99623 Vor- und Nachname
5a7efbf7 Telefon
9453cf90 Korrespondenzsprache
46674c23 Eine Frage zu einer Buchung? Ihr Makler ist erreichbar unter <a href="tel:+33494000000">+33 4 94 00 00 00</a>.
66da9579 Abmelden
d42255af Mein Konto | Portolan
1579ee9e Ihr Portolan-Kundenbereich: Ihre Yachtbuchungen, deren Daten und Ihre Angaben.
98dbb25b Die Yacht Camarat in Fahrt bei Sonnenuntergang
737f771f Online buchen
eca062eb Einschiffung an einem Tag und zu einer Uhrzeit Ihrer Wahl, in Saint-Tropez oder einem anderen Hafen der Riviera. Mindestens 7 Nächte in der Hochsaison, 3 in der Nebensaison. Zuzüglich Reisekosten (Treibstoff, Proviant, Häfen), die über einen Vorschuss von 30 % beglichen werden, und Mehrwertsteuer je nach befahrenen Gewässern.
7c707212 Einschiffung an einem Tag und zu einer Uhrzeit Ihrer Wahl, in Monaco oder einem anderen Hafen der Riviera. Mindestens 7 Nächte in der Hochsaison, 3 in der Nebensaison. Zuzüglich Reisekosten (Treibstoff, Proviant, Häfen), die über einen Vorschuss von 30 % beglichen werden, und Mehrwertsteuer je nach befahrenen Gewässern.
92caf848 Einschiffung an einem Tag und zu einer Uhrzeit Ihrer Wahl, in Saint-Raphaël oder einem anderen Hafen der Riviera. Mindestens 7 Nächte in der Hochsaison, 3 in der Nebensaison. Zuzüglich Reisekosten (Treibstoff, Proviant, Häfen), die über einen Vorschuss von 30 % beglichen werden, und Mehrwertsteuer je nach befahrenen Gewässern.
17ee271f <span class="resa__num">01</span><span class="resa__consigne">Wählen Sie Ihren Einschiffungstag</span>
cb1acda6 <span class="l-libre">Verfügbar</span><span class="l-option">Optioniert</span><span class="l-pris">Gebucht</span><span class="l-haute">Hochsaison</span><span class="l-choix">Ihr Aufenthalt</span>
9ddcb955 Einschiffungszeit
b02eefb3 Einschiffungshafen
64f9c37a Ihre Wünsche <small>(optional)</small>
a9f02877 Buchen
4b8db4d0 Daten ändern
5e03d5e2 Ihre Anfrage reserviert diese Daten. Ein Makler bestätigt sie innerhalb von 24 Stunden; online wird nichts abgebucht.
74c4a408 Anfrage gesendet
72dede45 Meine Buchung verfolgen
553e47fc Eine Frage stellen
2accc55e Kalender der Saison 2027
3921fc29 Route, Anlass, Ernährungswünsche, Wasserspielzeug…
c3644ebf Ein Makler meldet sich innerhalb von 24 Stunden<span class="lead__done-via"></span>.
