# Portolan : pages légales (de), générées par tools/page-legal.cjs. Ne pas modifier à la main.
40d17ebb Rechtliche Hinweise
89ba903b Impressum
63847935 Datenschutz und Cookies
6b122cbb Allgemeine Geschäftsbedingungen
85c0c3d2 Informationen
a5de63e5 <a href="../../../fr/conditions/">Charterbedingungen</a>
d3c5a789 Letzte Aktualisierung: 28. September 2026.
c611c46d Portolan ist ein fiktives Haus, gestaltet von <a href="https://www.sudwebproject.com/">SudWebProject</a>, um sein Können zu zeigen. Gesellschaft, Registernummern und Kontaktdaten sind fiktiv; die folgenden Texte sind Vorlagen.
a581ba0d Herausgeber der Website
4dfe3bec Portolan SAS, eine vereinfachte Aktiengesellschaft französischen Rechts mit einem Kapital von 150.000 €, eingetragen im Handels- und Gesellschaftsregister Fréjus unter der Nummer 000 000 000 (fiktiv).
4d48ef18 Sitz: Quai Suffren, 83990 Saint-Tropez, Frankreich
ada25fe3 Büro Monaco: Quai Antoine Ier, 98000 Monaco
29864e6d Telefon: +33 4 94 00 00 00
7af2f019 E-Mail: <a href="mailto:bonjour@portolan.example">bonjour@portolan.example</a>
573307cc USt-IdNr.: FR00 000000000 (fiktiv)
5cab8abe Verantwortlich für den Inhalt: der Präsident der Portolan SAS
69eb9afb Hosting
4124e5f7 Die Website wird von GitHub, Inc., 88 Colin P. Kelly Jr. Street, San Francisco, CA 94107, USA, gehostet (Dienst GitHub Pages).
14ee3849 Kundenkonten, Buchungen und Anfragen werden von Supabase, Inc. auf Servern in Paris, Frankreich, gespeichert.
40a102b9 Konzeption und Umsetzung
83c05481 Website gestaltet und entwickelt von <a href="https://www.sudwebproject.com/">SudWebProject</a>, Saint-Tropez: Art Direction, Entwicklung, immersive Rundgänge und Kundenbereich.
e4623dd5 Bilder und Rundgänge mit künstlicher Intelligenz erzeugt. Schriften Bodoni Moda und Hanken Grotesk unter der SIL Open Font License.
47c914a4 Geistiges Eigentum
ad462d2c Texte, Bilder, Rundgänge, Pläne, Logo und Gestaltung sind urheberrechtlich geschützt. Jede auch nur teilweise Vervielfältigung ohne schriftliche Genehmigung ist untersagt.
3e8a18ba Die genannten Werftnamen gehören ihren jeweiligen Inhabern; die vorgestellten Yachten sind fiktiv.
6a7d1255 Streitigkeiten und Schlichtung
86d92ccd Für die Website gilt französisches Recht. Bei Streitigkeiten können Verbraucher kostenlos eine Verbraucherschlichtungsstelle anrufen, deren Kontaktdaten auf Anfrage mitgeteilt werden, oder die europäische Plattform zur Online-Streitbeilegung nutzen.
1cc3d866 Impressum | Portolan
0897b9c4 Herausgeber, Hosting, Gestaltung und geistiges Eigentum der Website von Portolan.
36a8d889 Kurz gesagt
093e2dd0 Wir erheben nur, was nötig ist, um Ihre Anfragen zu beantworten und Ihre Aufenthalte zu organisieren. Ihre Daten werden in Frankreich gespeichert, niemals verkauft, und die Website verwendet weder Werbe- noch Analyse-Cookies.
51947911 Verantwortlicher
c1062621 Portolan SAS, Quai Suffren, 83990 Saint-Tropez. Bei Fragen: <a href="mailto:donnees@portolan.example">donnees@portolan.example</a>.
3b943bdd Welche Daten wir verarbeiten
2b0c122a <strong>Ihr Konto</strong>: Name, E-Mail, Telefon, Sprache. Das Passwort ist verschlüsselt; niemand bei Portolan kann es lesen.
e6c7c823 <strong>Ihre Buchungen</strong>: Yacht, Daten, Einschiffungszeit und -hafen, Anzahl der Gäste, Ihre Wünsche.
db98a63f <strong>Ihre Anfragen</strong> über die Formulare: Kontaktdaten, Vorhaben, Nachricht.
c791edef Wozu und auf welcher Grundlage
77b079c2 Verwaltung Ihres Kontos und Ihrer Buchungen: Vertragserfüllung oder vorvertragliche Maßnahmen auf Ihre Anfrage.
2d329cd9 Beantwortung Ihrer Anfragen nach Dossier, Besichtigung oder Broschüre: Ihre Einwilligung, erteilt durch Ankreuzen des Kästchens im Formular.
8c621220 Buchführung: gesetzliche Pflicht.
bb23da00 Wer darauf zugreifen kann
b51abcdc Die Makler von Portolan und, bei einer bestätigten Charter, der Kapitän und der Eigner der betreffenden Yacht. Unsere technischen Dienstleister handeln nur auf unsere Weisung: Supabase (Datenbank, Server in Paris), GitHub (Hosting der Website) und unser E-Mail-Versanddienst.
edac7a36 Einige dieser Dienstleister sind US-Unternehmen: Etwaige Übermittlungen sind durch die Standardvertragsklauseln der Europäischen Kommission abgesichert.
c3126a40 Wie lange
738d6d37 Konto: solange es aktiv ist, danach drei Jahre nach Ihrer letzten Anmeldung.
05e2a1dd Anfragen: drei Jahre nach unserem letzten Austausch.
0e1726eb Buchungen und Rechnungen: zehn Jahre, wie vom französischen Handelsgesetzbuch vorgeschrieben.
fe5ed70a Ihre Rechte
daa7add9 Sie können jederzeit auf Ihre Daten zugreifen, sie berichtigen (Ihre Angaben lassen sich auch unter Mein Konto ändern), löschen lassen, ihre Nutzung einschränken, der Verarbeitung widersprechen, sie in einem lesbaren Format erhalten und Verfügungen für die Zeit nach Ihrem Tod festlegen. Schreiben Sie an <a href="mailto:donnees@portolan.example">donnees@portolan.example</a>: Wir antworten innerhalb eines Monats.
1702bc63 Wenn Sie der Ansicht sind, dass Ihre Rechte nicht gewahrt werden, können Sie sich an die französische Datenschutzbehörde CNIL wenden (<a href="https://www.cnil.fr/">cnil.fr</a>).
74fb2bc7 Sicherheit
ee212735 Alle Übertragungen sind verschlüsselt, Passwörter werden nie im Klartext gespeichert, und strenge Regeln stellen sicher, dass jeder Kunde nur seine eigenen Buchungen sieht.
58f3dcc4 Cookies
33274ba0 Die Website setzt keine Werbe-Cookies, keine Analyse-Cookies und keine Tracker sozialer Netzwerke. Deshalb bittet Sie auch kein Banner um Ihre Zustimmung.
13190add Nur Ihre Anmeldung wird in Ihrem Browser gespeichert (lokaler Speicher „portolan-session“), damit Sie in Mein Konto angemeldet bleiben. Diese Speicherung ist für den angeforderten Dienst unbedingt erforderlich und wird bei der Abmeldung gelöscht.
f2fb19f2 Die Schriften werden von der Website selbst bereitgestellt. Links zu WhatsApp oder Google Maps laden nichts, bevor Sie darauf klicken.
e19c3bc4 Datenschutz und Cookies | Portolan
5ab2c47b Wie Portolan Ihre personenbezogenen Daten schützt: erhobene Daten, Zwecke, Speicherdauer, Ihre Rechte und Cookies.
80c0db29 1. Nutzung der Website
6a795e6c Die Website stellt die von Portolan zum Verkauf und zur Charter angebotenen Yachten vor. Technische Daten, Fotos und Preise sind unverbindlich und können sich ändern; nur der unterzeichnete Vertrag bindet die Parteien.
135dde1f 2. Ihr Konto
5fe0b6b2 Das Konto ist persönlich. Sie verpflichten sich, zutreffende Angaben zu machen und Ihr Passwort vertraulich zu behandeln. Sie können jederzeit die Löschung Ihres Kontos verlangen; Portolan kann ein missbräuchlich genutztes Konto sperren.
0ecacd4a 3. Die Rolle von Portolan
37b4f367 Portolan handelt als Makler im Auftrag der Yachteigner. Die Charter beruht auf einem Vertrag nach MYBA-Standard zwischen Ihnen und dem Eigner; Portolan begleitet Sie von der Anfrage bis zur Ausschiffung.
40bc948f 4. Online buchen
d89345d0 Ihre Online-Buchung ist eine Anfrage: Sie reserviert die gewählten Daten („optioniert“), während Ihr Makler die Verfügbarkeit der Crew prüft und Ihnen innerhalb von 24 Stunden antwortet.
a8d90f2e Nach Bestätigung der Anfrage erhalten Sie den Chartervertrag. Die Buchung wird mit der Unterzeichnung des Vertrags und der Anzahlung von 50 % verbindlich; der Restbetrag ist einen Monat vor der Einschiffung fällig.
8b28b2eb Online wird keine Zahlung verlangt.
36d09c81 5. Preise
5cf12fe7 Die Preise gelten pro Woche inklusive Crew und werden anteilig nach Nächten in Neben- und Hochsaison berechnet. Nicht enthalten sind die Reisekosten (Treibstoff, Proviant, Getränke, Häfen, Kommunikation), die über einen Vorschuss von 30 % vor der Abfahrt beglichen und nach der Rückkehr gegen Belege abgerechnet werden, sowie die Mehrwertsteuer, die von den befahrenen Gewässern abhängt. Das Trinkgeld für die Crew liegt in Ihrem Ermessen.
b561f634 6. Stornierung
37723951 Vor der Bestätigung: Sie stornieren Ihre Anfrage kostenlos mit einem Klick unter Mein Konto.
3ff34c68 Nach Unterzeichnung des Vertrags: Es gelten die Stornierungsbedingungen des MYBA-Vertrags. Die Anzahlung verbleibt beim Eigner, es sei denn, die Yacht wird für denselben Zeitraum erneut verchartert.
d5a83378 Kann der Eigner die Charter nicht erfüllen, werden Ihnen alle gezahlten Beträge vollständig erstattet oder eine gleichwertige Yacht angeboten.
346dbe95 7. An Bord
d26f92db Die Anzahl der Gäste darf die für jede Yacht angegebene Kapazität nicht überschreiten. Über die Sicherheit entscheidet allein der Kapitän: Er kann Route oder Abfahrtszeit wetterbedingt ändern, ohne dass daraus ein Erstattungsanspruch entsteht.
513a6f5a 8. Anwendbares Recht
e4fd3c80 Diese Bedingungen unterliegen französischem Recht. Vor jedem Rechtsstreit schlagen wir Ihnen vor, gemeinsam eine gütliche Lösung zu suchen und bei Bedarf kostenlos eine Verbraucherschlichtungsstelle anzurufen.
56d614f7 Nutzungs- und Charterbedingungen | Portolan
8f6a59b3 Nutzungsbedingungen der Website und des Kundenbereichs sowie Buchungsbedingungen für Yachtcharter mit Crew.
