# Portolan : traductions (de) des yachts, générées depuis Supabase. Ne pas modifier à la main.
b5f82202 Malta
02298b47 Die Bar
6d580b63 Der Salon
1505b636 Außen
f45f7de2 Die Annäherung
a3405734 Die Treppe
7e60a4de Der Gang
4f1b9f7f Badeplattform
6bc1318a Atelier Marais
1c67cd38 Hauptdeck
76c2c64b Unterdeck
0ef055c4 Oberdeck
fd52d396 Die Badeplattform
8ec4d09e Das Bad
e7bbe2ce Das Achterdeck
3e4c5e9b Suite am Bug
9d7783e9 Stahl und Aluminium
11b7b6e1 Das Esszimmer
f284392f Das Oberdeck
9700c9b2 2 × MTU 16V 2000 M86
cb4d4dbf Exklusiv bei Portolan
1b34732d Pampelonne, vor Anker
dc2bae05 Die Eignersuite
9acc2923 Flossenstabilisatoren, auch vor Anker aktiv
89eefcb8 Einzelbau, Viareggio
1f3c802b Die zentrale Treppe aus Nussbaum, Glas und Messing
5dcec7a7 Camarat im Profil vor Anker vor Pampelonne
431d7e81 Die Eignersuite am Bug der Camarat
f4139659 Das Achterdeck der Camarat, zum Salon hin geöffnet
fd32614b Wasserzugang, Tendergarage, Wassersportgeräte
49b00fd1 6 Kabinen: Eignersuite, 2 VIP, 3 Doppel
abf32910 Das Bad der Suite, Wanne mit Blick aufs Meer
47eb4d82 Die Bar der Camarat, hinterleuchteter Marmor und grünes Leder
cf312c95 Der Salon der Camarat: Nussbaum, Travertin und grüner Samt
1b124daa Whirlpool, Sonnenliegen, Außenbar, Schattenlounge
2f905b79 Das Oberdeck der Camarat und sein Whirlpool bei Sonnenuntergang
acc5d2f8 2 VIP-Kabinen, 3 Doppelkabinen, Crewquartiere
bbd53a28 Camarat aus der Luft, vor Anker in der Bucht von Pampelonne
d43eada3 Die Badeplattform aus Teak und die beleuchtete Treppe der Camarat
30a155d7 Das Esszimmer der Camarat, zehn Gedecke mit Blick in den Sonnenuntergang
725ff7bd Whirlpool, Sonnenliegen und Außenbar, windgeschützt
f8fde50c Der Gang zur Suite, geschmückt mit alten Seekarten
5a144111 Achterdeck, Salon, Esszimmer, Bar, Eignersuite
5a3634a2 Direkt über dem Wasser, mit direktem Zugang zu den Wassersportgeräten und dem Tender
b37a1a9c Fünfzig Meter Nussbaum, Travertin und Licht, abgeliefert 2024.
0887bbce 48 m², geschwungene Fensterfront zum Meer, Bad mit Wanne und Blick auf den Horizont
f03e2be2 Die Yacht Camarat in Fahrt bei Sonnenuntergang, vor dem Kap und dem Leuchtturm von Camarat
f4ab2086 Ihre neunköpfige Crew kennt sie seit dem Stapellauf. Vor Anker vor Pampelonne halten die Stabilisatoren sie vollkommen ruhig; unterwegs verbindet sie Saint‑Tropez und Monaco in weniger als fünf Stunden.
a40a7f12 Camarat wurde für den Mittelmeersommer entworfen: große, raumhohe Fensterfronten, ein Salon, der schwellenlos ins Achterdeck übergeht, und eine Eignersuite am Bug mit Blick aufs Meer. Innen antwortet Nussbaum auf Travertin und flaschengrünen Samt, stets unter indirektem Licht.
e0f8c4b9 Die Lobby
66459e7c Geschwindigkeit
8d3ac3a9 Das Heck
ddb64966 Aluminium
0be4b6a3 Wartung
3a55ab0c Beach Club
02849dee Sonnendeck
88e03cec Gyroskopisch
0b11e34f Der Beach Club
4266674f Kaimaninseln
0407bc99 2 × MTU 16V 2000 M96L
0b3543f0 Vor Anker, Lérins-Inseln
d676f97c Frank Laupman, Omega Architects
21b6ac54 3 VIP-Kabinen, 2 Twin, Beach Club
eb353631 Sky Lounge, Brücke, Kapitänskabine
bcba17c8 Salon, Esszimmer, Eignersuite
19dfcc4a 6 Kabinen: Eignersuite, 3 VIP, 2 Twin
ea856193 Sonnenliegen, Bar, Essbereich im Freien
9616cd2f Nach drei Seiten offen, mit Fitnessraum und Hamam
2afe69b0 Castellane vor Anker im türkisfarbenen Wasser der Lérins-Inseln
ba411448 17 Knoten Höchstgeschwindigkeit, 14 Marschfahrt, bei maßvollem Verbrauch
187ff30b Die Yacht Castellane mit nachtblauem Rumpf, vor Anker bei den Lérins-Inseln
e28514f6 Seit der Ablieferung von der Werft betreut, vollständige Historie verfügbar
56a3b9cb Ein nachtblauer Rumpf, schnell und leise, gebaut für Überfahrten.
1d4c9ea9 Das Sonnendeck der Castellane bei Sonnenuntergang, mit Blick auf Cannes und das Esterel
c379a1b4 Der Beach Club der Castellane, zum Meer hin geöffnet, Plattformen vor Anker ausgeklappt
4fb433d7 Die Eignersuite über die volle Breite, zu beiden Seiten zum Meer hin geöffnet
036820e1 Der Salon der Castellane: helle Eiche, sandfarbenes Leinen und marineblauer Lack, mit Blick auf die Lérins-Inseln
dfbe4958 Castellane gehört zu jener Familie niederländischer Yachten, die schnell fahren, ohne je laut zu werden. Ihr nachtblauer Aluminiumrumpf läuft siebzehn Knoten und erreicht Korsika an einem Tag.
93aee996 An Bord mildern helle Eiche und sandfarbenes Leinen die straffen Linien des Äußeren. Der Beach Club direkt über dem Wasser öffnet sich nach drei Seiten, wenn die Yacht vor den Lérins-Inseln ankert, ihrem Heimatrevier.
d70ceb7f Küche
995d5fe1 Refit 2024
cf8144d7 Mit Blick auf Monaco
8426db73 Das Sonnendeck
42a87ed0 Giorgio M. Cassetta
af5f2e0f 2 × Caterpillar C32
70f8be45 Ab Monaco
fa2e8a6a Am Kai, Port Hercule
95cf0389 2 VIP, 2 Doppel, 1 Twin
8b7cb6b8 Whirlpool, Sonnenliegen, Bar
ecbbf247 Sky Lounge, Essbereich im Freien
f50db3bd Ein Koch aus den Sternehäusern der Riviera
6db6cc05 Portofino, Korsika oder die Lérins-Inseln an einem Tag
5b457e39 6 Kabinen: Eignersuite, 2 VIP, 2 Doppel, 1 Twin
5da41ac9 Innenausstattung, Bettwäsche und Audio-Video-Technik erneuert
72deb8c3 Der Tisch für zehn an Deck gedeckt, mit Blick auf das beleuchtete Monaco
e5b87946 Italienische Eleganz, am Kai in Monaco, bereit zum Ablegen.
5b131452 Mistral Blanc am Kai in Port Hercule, zur blauen Stunde beleuchtet
7fc3764f Die Eignersuite, zu ihrer privaten Terrasse und zum Meer hin geöffnet
dba43d96 Die Yacht Mistral Blanc am Kai in Port Hercule, Monaco, zur blauen Stunde
69d86d72 Whirlpool und Bar auf dem Sonnendeck bei Sonnenuntergang, entlang der Küste bis Cap Martin
a979e199 Der große Salon der Mistral Blanc: weißer Lack, elfenbeinfarbenes Leder und helles Gold, mit Blick auf den Hafen von Monaco
2311e87c Mistral Blanc wurde in Livorno abgeliefert und 2024 vollständig aufgefrischt: weißer Lack, helle Esche, elfenbeinfarbenes Leder und Akzente in hellem Gold. Alles ist hell, bis hin zum großen Salon auf dem Hauptdeck.
5a5fa22a In Monaco stationiert, bricht sie gern nach Portofino oder Korsika auf. Ihr Koch arbeitete zehn Jahre in Sternehäusern der Riviera; gedeckt wird auf dem Achterdeck, mit Blick auf den Hafen, wenn die Lichter angehen.
f2bac89a Deck
901cfa6d Der Salon unter Deck
fe65b177 Das Cockpit
9c5d649a Refit 2021
7baff3c7 Der Niedergang
53b5f9d6 Ron Holland
2f3c2666 Vereinigtes Königreich
afbe2db3 Unter Segeln
8511410d Die Goldenen Inseln
eb7dda42 1 × Caterpillar C18
1b3652ef Vor Anker, Porquerolles
ab787d01 Die Eignerkabine
4bf6969c Ketsch, Rollsegel
d255731b Stahl, Aufbau aus Aluminium
f5465a11 Rigg, Segel und Innenausstattung erneuert
13ba4e61 14 Knoten unter Segeln, automatisierte Manöver
1630f82d Ein Ketsch mit grünem Rumpf, zum richtigen Segeln.
e4a99663 Solenne unter Segeln vor der Insel Porquerolles
d411bd36 Eignersuite, 2 Doppel, 1 Twin, Salon
32d21ae6 4 Kabinen: Eignersuite, 2 Doppel, 1 Twin
39e43547 Porquerolles, Port‑Cros und die Île du Levant in einem halben Tag
3f74bd55 Achtercockpit, Deckssalon, Sonnenliegen am Vorschiff
c1c71fe3 Die Segelyacht Solenne, ein Ketsch mit grünem Rumpf, unter Segeln vor Porquerolles
f729a732 Das Vorschiff aus Teak vor Anker, in einer türkisfarbenen Bucht von Porquerolles
a12aa14d Das Cockpit der Solenne mit seinen zwei Steuerrädern, unter Segeln Richtung Porquerolles
75beea69 Die Eignerkabine, mit Teak vertäfelt, durch zwei Bullaugen zum Meer hin geöffnet
4fc25ff2 Der Salon der Solenne: lackiertes Teak, cremefarbenes Segeltuch, waldgrünes Leder und Bullaugen aus Messing
23149738 Unter Deck erinnern lackiertes Teak, cremefarbenes Segeltuch und waldgrünes Leder an die großen Segelyachten vergangener Zeiten. Porquerolles, Port‑Cros und die Île du Levant liegen einen halben Segeltag von Saint‑Tropez entfernt.
b74c41e9 Solenne ist eine Segelyacht, die sich dank der von ihrer Werft entworfenen Rollanlagen mühelos zu sechst segeln lässt. Das Teakcockpit liegt geschützt unter einem Bimini, und das Steuerrad teilt man mit jedem, der es lernen möchte.
227bfa82 Flybridge
67c360fc 28 Knoten
fbc8a854 Verbundwerkstoff
808550ca Die Badeplattform
d7c6e19d Francesco Paszkowski
e8e6b406 Geringer Tiefgang
bced06bd 2 × MTU 12V 2000 M96L
7c9ec690 Vor Anker, Esterel
f8b6d662 1 VIP, 2 Doppel, 1 Twin
d5d36435 Von Saint‑Tropez nach Cannes in einer Stunde
d3d72d40 Achtundzwanzig Knoten, und das Esterel am Horizont.
07958f3d Ankerplätze ganz nah an den Buchten des Esterel
3b64c507 Lounge, Bar und Sonnenliegen im Schatten eines Hardtops
e234ef8f Cockpit, Salon, Esszimmer, Eignersuite
d1da4902 Tramontane in voller Fahrt entlang des Esterel
fa56298c Steuerstand, Bar, Außenlounge, Sonnenliegen
db2b6037 5 Kabinen: Eignersuite, 1 VIP, 2 Doppel, 1 Twin
b7b68c00 Die Badeplattform direkt über dem Wasser, vor Anker in einer Bucht des Esterel
fcf4fedd Die Eignerkabine mit Kopfteil aus schwarzem Leder und Fensterfront zum Esterel
8a3214b9 Die Yacht Tramontane in voller Fahrt entlang der roten Felsen des Esterel
8523f10d Die Flybridge der Tramontane unter ihrem Hardtop: Bar, Steuerstand und Sonnenliegen
18a0d1bc Der Salon der Tramontane: graues Eukalyptusholz, schwarzes Leder und heller Stein, mit Blick auf die roten Felsen
6f8ed497 An Bord ergeben graues Eukalyptusholz, schwarzes Leder und gebürsteter Stahl ein strenges, fast architektonisches Interieur. Die Flybridge unter ihrem Hardtop wird zum Hauptsalon, sobald die Sonne hoch steht.
14a2172e Tramontane ist die lebhafteste der Flotte: Sie fährt in einer Stunde von Saint‑Tropez nach Cannes und lässt Zeit für ein Mittagessen auf den Lérins-Inseln vor der Rückfahrt. Grauer Rumpf und getönte Scheiben geben ihr eine sportliche Linie.
e653f4c5 Der Seitengang
5d8036a2 Vorschiffsterrasse
20bedfb8 Bernardo Zuccon
bada08f6 2 × MAN V12 1800
9ae09db6 Kontrollierte Kosten
f284c275 Die Vorschiffsterrasse
72019f57 Am Kai, Saint‑Tropez
a612766d Besichtigung in Saint‑Tropez
ce553d9a Steuerstand, Bar, Außenlounge
6ad59f2b Im alten Hafen vertäut, Besichtigung nach Vereinbarung
6c257b37 Cockpit, Salon, Esszimmer, Vorschiffsterrasse
4916bcb7 Eignersuite, 1 VIP, 2 Doppel, 1 Twin
9928ea56 Die ideale erste Yacht: lebendig, lichtdurchflutet, unkompliziert.
dbdd355a 5 Crewmitglieder, maßvoller Verbrauch bei Marschfahrt
562222d0 Lounge und Sonnenliegen am Bug, vor Blicken geschützt
2fdbd0ba Die Yacht Alizé vor Anker vor Saint-Tropez bei Sonnenaufgang
801662ed Alizé vor Anker im Golf von Saint-Tropez bei Sonnenaufgang
bf067020 Die Vorschiffsterrasse der Alizé bei Sonnenuntergang, mit Blick auf Saint-Tropez
b3ba16dc Der Cockpittisch für sechs gedeckt, mit Blick auf den alten Hafen von Saint-Tropez bei Sonnenuntergang
7b2c62a3 Der Salon der Alizé: gekalkte Eiche, Travertin, Rattan und Kissen in Oliv und Terrakotta
e1c50797 Die Eignerkabine mit Rattan-Kopfteil und terrakottafarbenem Plaid, zum Meer hin geöffnet
dd243a0e Gekalkte Eiche, Travertin, Rattan sowie oliv- und terrakottafarbene Stoffe verleihen ihr die Atmosphäre eines Ferienhauses. Sie liegt im alten Hafen von Saint‑Tropez und kann nach Vereinbarung besichtigt werden.
715cdc09 Alizé wurde für eine Familie entworfen, die viel auf dem Wasser ist: helle Räume, eine große Terrasse am Vorschiff und ein Rumpf, der lautlos mit vierundzwanzig Knoten gleitet. Sie wird mit fünf Crewmitgliedern gefahren, was die Betriebskosten im Rahmen hält.
