# Portolan : dictionnaire anglais, comptes clients et réservation en ligne. Format : empreinte du texte français, espace, traduction.
7ae67e8c My account
bc588db1 Client area
2ea9e4cb One moment…
ad58d75c Follow your bookings, find your dates and confirmations, and book in a few clicks from each yacht’s page.
ee53efe0 Sign in
84641c09 Create an account
56d28699 Choose your new password.
43d89e35 New password <small>(at least 8 characters)</small>
68686cf5 Save
91c370d7 My bookings
7f56df9a No bookings yet. <a class="link" href="../flotte/">Choose a yacht</a>
d89d8ba5 My details
4af99623 Full name
5a7efbf7 Phone
9453cf90 Correspondence language
46674c23 A question about a booking? Your broker answers on <a href="tel:+33494000000">+33 4 94 00 00 00</a>.
66da9579 Sign out
d42255af My account | Portolan
1579ee9e Your Portolan client area: your yacht bookings, their dates and your details.
98dbb25b The yacht Camarat under way at sunset
737f771f Book online
eca062eb Board on the day and at the time of your choice, in Saint-Tropez or another Riviera port. At least 7 nights in high season, 3 in low season. Excluding cruising expenses (fuel, provisions, ports), covered by a 30% advance, and VAT depending on the waters sailed.
7c707212 Board on the day and at the time of your choice, in Monaco or another Riviera port. At least 7 nights in high season, 3 in low season. Excluding cruising expenses (fuel, provisions, ports), covered by a 30% advance, and VAT depending on the waters sailed.
92caf848 Board on the day and at the time of your choice, in Saint-Raphaël or another Riviera port. At least 7 nights in high season, 3 in low season. Excluding cruising expenses (fuel, provisions, ports), covered by a 30% advance, and VAT depending on the waters sailed.
17ee271f <span class="resa__num">01</span><span class="resa__consigne">Choose your boarding day</span>
cb1acda6 <span class="l-libre">Available</span><span class="l-option">On option</span><span class="l-pris">Booked</span><span class="l-haute">High season</span><span class="l-choix">Your stay</span>
9ddcb955 Boarding time
b02eefb3 Boarding port
64f9c37a Your wishes <small>(optional)</small>
a9f02877 Book
4b8db4d0 Change dates
5e03d5e2 Your request holds these dates. A broker confirms it within 24 hours; nothing is charged online.
74c4a408 Request sent
72dede45 Follow my booking
553e47fc Ask a question
2accc55e 2027 season calendar
3921fc29 Itinerary, occasion, dietary requirements, water toys…
c3644ebf A broker will get back to you within 24 hours<span class="lead__done-via"></span>.
