# Portolan : pages légales (en), générées par tools/page-legal.cjs. Ne pas modifier à la main.
40d17ebb Legal information
89ba903b Legal notice
63847935 Privacy and cookies
6b122cbb Terms and conditions
85c0c3d2 Information
a5de63e5 <a href="../../../fr/conditions/">Charter terms</a>
d3c5a789 Last updated: 28 September 2026.
c611c46d Portolan is a fictitious house, created by <a href="https://www.sudwebproject.com/">SudWebProject</a> to showcase its craft. The company, registration numbers and contact details are fictitious; the texts below are templates.
a581ba0d Website publisher
4dfe3bec Portolan SAS, a French simplified joint-stock company with a share capital of €150,000, registered with the Fréjus Trade and Companies Register under number 000 000 000 (fictitious).
4d48ef18 Registered office: Quai Suffren, 83990 Saint-Tropez, France
ada25fe3 Monaco office: Quai Antoine Ier, 98000 Monaco
29864e6d Telephone: +33 4 94 00 00 00
7af2f019 Email: <a href="mailto:bonjour@portolan.example">bonjour@portolan.example</a>
573307cc EU VAT number: FR00 000000000 (fictitious)
5cab8abe Publication director: the Chairman of Portolan SAS
69eb9afb Hosting
4124e5f7 The website is hosted by GitHub, Inc., 88 Colin P. Kelly Jr. Street, San Francisco, CA 94107, United States (GitHub Pages service).
14ee3849 Client accounts, bookings and enquiries are stored by Supabase, Inc., on servers located in Paris, France.
40a102b9 Design and development
83c05481 Website designed and developed by <a href="https://www.sudwebproject.com/">SudWebProject</a>, Saint-Tropez: art direction, development, immersive tours and client area.
e4623dd5 Images and tours generated by artificial intelligence. Bodoni Moda and Hanken Grotesk typefaces, under the SIL Open Font License.
47c914a4 Intellectual property
ad462d2c Texts, images, tours, plans, logo and layout are protected by copyright. Any reproduction, even partial, without written permission is prohibited.
3e8a18ba The shipyard names mentioned belong to their respective owners; the yachts presented are fictitious.
6a7d1255 Disputes and mediation
86d92ccd The website is governed by French law. In the event of a dispute, consumer clients may use a consumer mediator free of charge, whose contact details are provided on request, or the European online dispute resolution platform.
1cc3d866 Legal notice | Portolan
0897b9c4 Publisher, hosting, design and intellectual property of the Portolan website.
36a8d889 In short
093e2dd0 We only collect what we need to answer your enquiries and organise your stays. Your data is hosted in France, is never sold, and the website uses no advertising or audience measurement cookies.
51947911 Data controller
c1062621 Portolan SAS, Quai Suffren, 83990 Saint-Tropez. For any question: <a href="mailto:donnees@portolan.example">donnees@portolan.example</a>.
3b943bdd The data we process
2b0c122a <strong>Your account</strong>: name, email, phone, language. The password is encrypted; nobody at Portolan can read it.
e6c7c823 <strong>Your bookings</strong>: yacht, dates, boarding time and port, number of guests, your wishes.
db98a63f <strong>Your enquiries</strong> sent through the forms: contact details, project, message.
c791edef Why, and on what basis
77b079c2 Managing your account and bookings: performance of the contract or of pre-contractual steps taken at your request.
2d329cd9 Answering your requests for a file, a viewing or a brochure: your consent, given by ticking the box on the form.
8c621220 Keeping our accounts: legal obligation.
bb23da00 Who can access it
b51abcdc Portolan's brokers and, for a confirmed charter, the captain and owner of the yacht concerned. Our technical providers act only on our instructions: Supabase (database, servers in Paris), GitHub (website hosting) and our email delivery service.
edac7a36 Some of these providers are American companies: any transfers are governed by the European Commission's standard contractual clauses.
c3126a40 For how long
738d6d37 Account: while it is active, then three years after your last sign-in.
05e2a1dd Enquiries: three years after our last exchange.
0e1726eb Bookings and invoices: ten years, as required by the French Commercial Code.
fe5ed70a Your rights
daa7add9 You may at any time access your data, correct it (your details can also be changed in My account), have it erased, restrict its use, object to its processing, obtain it in a readable format and set instructions for after your death. Write to <a href="mailto:donnees@portolan.example">donnees@portolan.example</a>: we reply within one month.
1702bc63 If you believe your rights are not being respected, you may lodge a complaint with the French data protection authority, the CNIL (<a href="https://www.cnil.fr/">cnil.fr</a>).
74fb2bc7 Security
ee212735 All exchanges are encrypted, passwords are never stored in plain text, and strict rules ensure that each client sees only their own bookings.
58f3dcc4 Cookies
33274ba0 The website sets no advertising cookies, no audience measurement cookies and no social network trackers. This is why no banner asks for your consent.
13190add Only your sign-in is remembered in your browser (local storage “portolan-session”), so that you stay signed in to My account. This storage is strictly necessary for the service you request and is removed when you sign out.
f2fb19f2 Typefaces are served by the website itself. Links to WhatsApp or Google Maps load nothing until you click them.
e19c3bc4 Privacy and cookies | Portolan
5ab2c47b How Portolan protects your personal data: data collected, purposes, retention periods, your rights and cookies.
80c0db29 1. Use of the website
6a795e6c The website presents the yachts offered for sale and charter by Portolan. Specifications, photographs and prices are given for information and may change; only the signed contract binds the parties.
135dde1f 2. Your account
5fe0b6b2 The account is personal. You undertake to provide accurate information and to keep your password confidential. You may ask for your account to be deleted at any time; Portolan may suspend an account that is misused.
0ecacd4a 3. Portolan's role
37b4f367 Portolan acts as a broker on behalf of the yacht owners. The charter is governed by a MYBA-standard contract signed between you and the owner; Portolan supports you from the enquiry until disembarkation.
40bc948f 4. Booking online
d89345d0 Your online booking is a request: it holds the chosen dates (“on option”) while your broker checks crew availability and replies to you, within 24 hours.
a8d90f2e Once the request is confirmed, you receive the charter contract. The booking becomes firm when the contract is signed and the 50% deposit is paid; the balance is due one month before boarding.
8b28b2eb No payment is requested online.
36d09c81 5. Prices
5cf12fe7 Rates are quoted per week, crew included, and calculated pro rata for low- and high-season nights. They do not include cruising expenses (fuel, provisions, drinks, ports, communications), covered by a 30% advance paid before departure and adjusted on return against receipts, nor VAT, which depends on the waters sailed. The crew gratuity is at your discretion.
b561f634 6. Cancellation
37723951 Before confirmation: you can cancel your request freely, in one click, from My account.
3ff34c68 After the contract is signed: the cancellation terms of the MYBA contract apply. The deposit is retained by the owner, unless the yacht is re-chartered for the same period.
d5a83378 If the owner cannot honour the charter, all sums paid are refunded in full, or an equivalent yacht is offered to you.
346dbe95 7. On board
d26f92db The number of guests may not exceed the capacity stated for each yacht. The captain alone decides on matters of safety and may change the itinerary or departure time according to the weather, without this giving rise to a refund.
513a6f5a 8. Governing law
e4fd3c80 These terms are governed by French law. Before any legal action, we invite you to seek an amicable solution together and then, if necessary, to use a consumer mediator free of charge.
56d614f7 Terms of use and charter terms | Portolan
8f6a59b3 Terms of use of the website and client area, and booking terms for crewed yacht charters.
