# Portolan : traductions (en) des yachts, générées depuis Supabase. Ne pas modifier à la main.
b5f82202 Malta
02298b47 The bar
6d580b63 The saloon
1505b636 Exterior
f45f7de2 The approach
a3405734 The staircase
7e60a4de The passageway
4f1b9f7f Swim platform
6bc1318a Atelier Marais
1c67cd38 Main deck
76c2c64b Lower deck
0ef055c4 Upper deck
fd52d396 The swim platform
8ec4d09e The bathroom
e7bbe2ce The aft deck
3e4c5e9b A suite at the bow
9d7783e9 Steel and aluminium
11b7b6e1 The dining room
f284392f The upper deck
9700c9b2 2 × MTU 16V 2000 M86
cb4d4dbf Portolan exclusive
1b34732d Pampelonne, at anchor
dc2bae05 The owner's suite
9acc2923 Fin stabilisers, active at anchor
89eefcb8 Custom build, Viareggio
1f3c802b The central staircase in walnut, glass and brass
5dcec7a7 Camarat in profile at anchor off Pampelonne
431d7e81 The owner's suite at Camarat's bow
f4139659 Camarat's aft deck, opening onto the saloon
fd32614b Water access, tender garage, water toys
49b00fd1 6 cabins: owner's suite, 2 VIPs, 3 doubles
abf32910 The suite's bathroom, with a bathtub facing the sea
47eb4d82 Camarat's bar, backlit marble and green leather
cf312c95 Camarat's saloon: walnut, travertine and green velvet
1b124daa Jacuzzi, sunpads, outdoor bar, shaded lounge
2f905b79 Camarat's upper deck and its jacuzzi at sunset
acc5d2f8 2 VIP cabins, 3 double cabins, crew quarters
bbd53a28 Camarat from the air, at anchor in the bay of Pampelonne
d43eada3 Camarat's teak swim platform and lit staircase
30a155d7 Camarat's dining room, ten places facing the sunset
725ff7bd Jacuzzi, sunpads and outdoor bar, sheltered from the wind
f8fde50c The passageway to the suite, lined with antique nautical charts
5a144111 Aft deck, saloon, dining room, bar, owner's suite
5a3634a2 At water level, with direct access to the water toys and the tender
b37a1a9c Fifty metres of walnut, travertine and light, delivered in 2024.
0887bbce 48 m², a curved window onto the sea, a bathroom with a bathtub facing the horizon
f03e2be2 The yacht Camarat underway at sunset, off Cap Camarat and its lighthouse
f4ab2086 Her crew of nine has known her since her launch. At anchor off Pampelonne, her stabilisers keep her perfectly still; underway, she links Saint‑Tropez to Monaco in under five hours.
a40a7f12 Camarat was designed for the Mediterranean summer: tall floor‑to‑ceiling windows, a saloon that flows onto the aft deck without a threshold, and an owner's suite set at the bow, facing the sea. Inside, walnut answers travertine and bottle‑green velvet, always under indirect light.
e0f8c4b9 The lobby
66459e7c Speed
8d3ac3a9 The stern
ddb64966 Aluminium
0be4b6a3 Maintenance
3a55ab0c Beach club
02849dee Sun deck
88e03cec Gyroscopic
0b11e34f The beach club
4266674f Cayman Islands
0407bc99 2 × MTU 16V 2000 M96L
0b3543f0 At anchor, Lérins islands
d676f97c Frank Laupman, Omega Architects
21b6ac54 3 VIP cabins, 2 twins, beach club
eb353631 Sky lounge, wheelhouse, captain's cabin
bcba17c8 Saloon, dining room, owner's suite
19dfcc4a 6 cabins: owner's suite, 3 VIPs, 2 twins
ea856193 Sunpads, bar, outdoor dining
9616cd2f Open on three sides, with gym and hammam
2afe69b0 Castellane at anchor in the turquoise waters of the Lérins islands
ba411448 17 knots maximum, 14 cruising, with measured consumption
187ff30b The yacht Castellane, with her navy hull, at anchor off the Lérins islands
e28514f6 Serviced by the builder since delivery, full history available
56a3b9cb A navy hull, fast and silent, built for passages.
1d4c9ea9 Castellane's sun deck at sunset, facing Cannes and the Estérel
c379a1b4 Castellane's beach club, open to the sea, platforms unfolded at anchor
4fb433d7 The owner's suite, spanning the full beam, open to the sea on both sides
036820e1 Castellane's saloon: light oak, sand linen and navy lacquer, facing the Lérins islands
dfbe4958 Castellane belongs to that family of Dutch yachts that move fast without ever making themselves heard. Her navy aluminium hull runs at seventeen knots and reaches Corsica within the day.
93aee996 On board, light oak and sand‑coloured linen soften the taut lines of her exterior. The beach club, at water level, opens on three sides when she lies at anchor off the Lérins islands, her home waters.
d70ceb7f Dining
995d5fe1 2024 refit
cf8144d7 Facing Monaco
8426db73 The sun deck
42a87ed0 Giorgio M. Cassetta
af5f2e0f 2 × Caterpillar C32
70f8be45 Departing Monaco
fa2e8a6a Moored, Port Hercule
95cf0389 2 VIPs, 2 doubles, 1 twin
8b7cb6b8 Jacuzzi, sunpads, bar
ecbbf247 Sky lounge, outdoor dining
f50db3bd A chef trained in the Riviera's Michelin‑starred houses
6db6cc05 Portofino, Corsica or the Lérins islands within a day
5b457e39 6 cabins: owner's suite, 2 VIPs, 2 doubles, 1 twin
5da41ac9 Interiors, bedding and audiovisual equipment renewed
72deb8c3 The table laid for ten on deck, facing Monaco lit up at night
e5b87946 Italian elegance, moored in Monaco, ready to cast off.
5b131452 Mistral Blanc moored in Port Hercule, lit up at blue hour
7fc3764f The owner's suite, opening onto its private terrace and the sea
dba43d96 The yacht Mistral Blanc moored in Port Hercule, Monaco, at blue hour
69d86d72 The sun deck's jacuzzi and bar at sunset, looking along the coast to Cap Martin
a979e199 Mistral Blanc's grand saloon: white lacquer, ivory leather and soft gold, facing the port of Monaco
2311e87c Mistral Blanc was delivered in Livorno and fully refreshed in 2024: white lacquer, pale ash, ivory leather and touches of soft gold. Everything aboard is filled with light, right up to the grand saloon on the main deck.
5a5fa22a Based in Monaco, she happily heads for Portofino or Corsica. Her chef spent ten years in Michelin‑starred houses on the Riviera; the table is laid on the aft deck, facing the harbour as it lights up.
f2bac89a Deck
901cfa6d The saloon below
fe65b177 The cockpit
9c5d649a 2021 refit
7baff3c7 The companionway
53b5f9d6 Ron Holland
2f3c2666 United Kingdom
afbe2db3 Under sail
8511410d The Îles d'Or
eb7dda42 1 × Caterpillar C18
1b3652ef At anchor, Porquerolles
ab787d01 The owner's cabin
4bf6969c Ketch, furling sails
d255731b Steel, aluminium superstructure
f5465a11 Rigging, sails and interiors renewed
13ba4e61 14 knots under sail, automated handling
1630f82d A green‑hulled ketch, for real sailing.
e4a99663 Solenne under sail off the island of Porquerolles
d411bd36 Owner's suite, 2 doubles, 1 twin, saloon
32d21ae6 4 cabins: owner's suite, 2 doubles, 1 twin
39e43547 Porquerolles, Port‑Cros and the Levant within half a day
3f74bd55 Aft cockpit, deck saloon, sunpads forward
c1c71fe3 The sailing yacht Solenne, a green‑hulled ketch, under sail off Porquerolles
f729a732 The teak foredeck at anchor, in a turquoise cove on Porquerolles
a12aa14d Solenne's cockpit and its twin wheels, under sail towards Porquerolles
75beea69 The owner's cabin, panelled in teak, opening onto the sea through two portholes
4fc25ff2 Solenne's saloon: varnished teak, cream canvas, forest‑green leather and brass portholes
23149738 Below deck, varnished teak, cream canvas and forest‑green leather recall the great sailing yachts of old. Porquerolles, Port‑Cros and the Levant are half a day's sail from Saint‑Tropez.
b74c41e9 Solenne is a sailing yacht you can handle with six aboard, effortlessly, thanks to the furling systems designed by her yard. The teak cockpit shelters under a bimini, and the wheel is shared with anyone who wants to learn.
227bfa82 Flybridge
67c360fc 28 knots
fbc8a854 Composite
808550ca The swim platform
d7c6e19d Francesco Paszkowski
e8e6b406 Shallow draught
bced06bd 2 × MTU 12V 2000 M96L
7c9ec690 At anchor, Estérel
f8b6d662 1 VIP, 2 doubles, 1 twin
d5d36435 Saint‑Tropez to Cannes in one hour
d3d72d40 Twenty‑eight knots, with the Estérel on the horizon.
07958f3d Anchoring close in to the Estérel's coves
3b64c507 Lounge, bar and sunpads in the shade of a hardtop
e234ef8f Cockpit, saloon, dining room, owner's suite
d1da4902 Tramontane at full speed along the Estérel
fa56298c Helm station, bar, outdoor lounge, sunpads
db2b6037 5 cabins: owner's suite, 1 VIP, 2 doubles, 1 twin
b7b68c00 The swim platform at water level, at anchor in a cove of the Estérel
fcf4fedd The owner's cabin, with a black leather headboard and a window open onto the Estérel
8a3214b9 The yacht Tramontane at full speed along the red rocks of the Estérel
8523f10d Tramontane's flybridge under its hardtop: bar, helm station and sunpads
18a0d1bc Tramontane's saloon: grey eucalyptus, black leather and pale stone, facing the red rocks
6f8ed497 On board, grey eucalyptus, black leather and brushed steel make for a disciplined, almost architectural interior. The flybridge, sheltered by a hardtop, becomes the main lounge as soon as the sun is high.
14a2172e Tramontane is the liveliest of the fleet: she runs from Saint‑Tropez to Cannes in an hour, leaving time for lunch at the Lérins islands before heading home. Her grey hull and tinted glazing give her a sporting look.
e653f4c5 The side deck
5d8036a2 Foredeck terrace
20bedfb8 Bernardo Zuccon
bada08f6 2 × MAN V12 1800
9ae09db6 Controlled costs
f284c275 The foredeck terrace
72019f57 Moored, Saint‑Tropez
a612766d Viewing in Saint‑Tropez
ce553d9a Helm station, bar, outdoor lounge
6ad59f2b Moored in the old port, viewing by appointment
6c257b37 Cockpit, saloon, dining room, foredeck terrace
4916bcb7 Owner's suite, 1 VIP, 2 doubles, 1 twin
9928ea56 The ideal first yacht: lively, light‑filled, easy to live aboard.
dbdd355a A crew of 5, modest consumption at cruising speed
562222d0 Lounge and sunpads on the bow, away from prying eyes
2fdbd0ba The yacht Alizé at anchor off Saint-Tropez at sunrise
801662ed Alizé at anchor in the Gulf of Saint‑Tropez at sunrise
bf067020 Alizé's foredeck terrace at sunset, facing Saint‑Tropez
b3ba16dc The cockpit table laid for six, facing the old port of Saint‑Tropez at sunset
7b2c62a3 Alizé's saloon: bleached oak, travertine, rattan and olive and terracotta cushions
e1c50797 The owner's cabin, with a rattan headboard and terracotta throw, opening onto the sea
dd243a0e Bleached oak, travertine, rattan and olive and terracotta fabrics give her the feel of a holiday home. She is moored in the old port of Saint‑Tropez and can be viewed by appointment.
715cdc09 Alizé was designed for a family that spends a lot of time at sea: bright volumes, a large foredeck terrace, and a hull that glides along at twenty‑four knots in near silence. She runs with a crew of five, which keeps her operating costs reasonable.
