# Portolan : dictionnaire italien, comptes clients et réservation en ligne. Format : empreinte du texte français, espace, traduction.
7ae67e8c La mia area
bc588db1 Area clienti
2ea9e4cb Un istante…
ad58d75c Segua le sue prenotazioni, ritrovi date e conferme, e prenoti in pochi clic dalla scheda di ogni yacht.
ee53efe0 Accedi
84641c09 Crea un account
56d28699 Scelga la sua nuova password.
43d89e35 Nuova password <small>(almeno 8 caratteri)</small>
68686cf5 Salva
91c370d7 Le mie prenotazioni
7f56df9a Nessuna prenotazione per ora. <a class="link" href="../flotte/">Scegliere uno yacht</a>
d89d8ba5 I miei dati
4af99623 Nome e cognome
5a7efbf7 Telefono
9453cf90 Lingua di corrispondenza
46674c23 Una domanda su una prenotazione? Il suo broker risponde al <a href="tel:+33494000000">+33 4 94 00 00 00</a>.
66da9579 Esci
d42255af La mia area | Portolan
1579ee9e La sua area clienti Portolan: le prenotazioni di yacht, le date e i suoi dati.
98dbb25b Lo yacht Camarat in navigazione al tramonto
737f771f Prenota online
eca062eb Imbarco nel giorno e all’ora che preferisce, a Saint-Tropez o in un altro porto della Riviera. Almeno 7 notti in alta stagione, 3 in bassa stagione. Spese di crociera escluse (carburante, cambusa, porti), coperte da un anticipo del 30%, e IVA secondo le acque navigate.
7c707212 Imbarco nel giorno e all’ora che preferisce, a Monaco o in un altro porto della Riviera. Almeno 7 notti in alta stagione, 3 in bassa stagione. Spese di crociera escluse (carburante, cambusa, porti), coperte da un anticipo del 30%, e IVA secondo le acque navigate.
92caf848 Imbarco nel giorno e all’ora che preferisce, a Saint-Raphaël o in un altro porto della Riviera. Almeno 7 notti in alta stagione, 3 in bassa stagione. Spese di crociera escluse (carburante, cambusa, porti), coperte da un anticipo del 30%, e IVA secondo le acque navigate.
17ee271f <span class="resa__num">01</span><span class="resa__consigne">Scelga il giorno d’imbarco</span>
cb1acda6 <span class="l-libre">Disponibile</span><span class="l-option">In opzione</span><span class="l-pris">Prenotato</span><span class="l-haute">Alta stagione</span><span class="l-choix">Il suo soggiorno</span>
9ddcb955 Orario d’imbarco
b02eefb3 Porto d’imbarco
64f9c37a I suoi desideri <small>(facoltativo)</small>
a9f02877 Prenota
4b8db4d0 Cambia date
5e03d5e2 La sua richiesta blocca queste date. Un broker la conferma entro 24 ore; nulla viene addebitato online.
74c4a408 Richiesta inviata
72dede45 Seguire la mia prenotazione
553e47fc Fare una domanda
2accc55e Calendario della stagione 2027
3921fc29 Itinerario, occasione, esigenze alimentari, giochi d’acqua…
c3644ebf Un broker la ricontatterà entro 24 ore<span class="lead__done-via"></span>.
