# Portolan : pages légales (it), générées par tools/page-legal.cjs. Ne pas modifier à la main.
40d17ebb Informazioni legali
89ba903b Note legali
63847935 Privacy e cookie
6b122cbb Condizioni generali
85c0c3d2 Informazioni
a5de63e5 <a href="../../../fr/conditions/">Condizioni di noleggio</a>
d3c5a789 Ultimo aggiornamento: 28 settembre 2026.
c611c46d Portolan è una maison fittizia, ideata da <a href="https://www.sudwebproject.com/">SudWebProject</a> per presentare il proprio saper fare. Società, numeri di registrazione e recapiti sono fittizi; i testi seguenti sono modelli.
a581ba0d Editore del sito
4dfe3bec Portolan SAS, società per azioni semplificata di diritto francese con capitale sociale di 150.000 €, iscritta al registro del commercio e delle società di Fréjus con il numero 000 000 000 (fittizio).
4d48ef18 Sede: Quai Suffren, 83990 Saint-Tropez, Francia
ada25fe3 Ufficio di Monaco: Quai Antoine Ier, 98000 Monaco
29864e6d Telefono: +33 4 94 00 00 00
7af2f019 E-mail: <a href="mailto:bonjour@portolan.example">bonjour@portolan.example</a>
573307cc Partita IVA intracomunitaria: FR00 000000000 (fittizia)
5cab8abe Direttore della pubblicazione: il presidente di Portolan SAS
69eb9afb Hosting
4124e5f7 Il sito è ospitato da GitHub, Inc., 88 Colin P. Kelly Jr. Street, San Francisco, CA 94107, Stati Uniti (servizio GitHub Pages).
14ee3849 Gli account dei clienti, le prenotazioni e le richieste sono conservati da Supabase, Inc., su server situati a Parigi, in Francia.
40a102b9 Progettazione e realizzazione
83c05481 Sito progettato e sviluppato da <a href="https://www.sudwebproject.com/">SudWebProject</a>, Saint-Tropez: direzione artistica, sviluppo, visite immersive e area clienti.
e4623dd5 Immagini e visite generate con l'intelligenza artificiale. Caratteri Bodoni Moda e Hanken Grotesk, con licenza SIL Open Font License.
47c914a4 Proprietà intellettuale
ad462d2c Testi, immagini, visite, piani, logo e impaginazione sono protetti dal diritto d'autore. È vietata qualsiasi riproduzione, anche parziale, senza autorizzazione scritta.
3e8a18ba I nomi dei cantieri citati appartengono ai rispettivi proprietari; gli yacht presentati sono fittizi.
6a7d1255 Controversie e mediazione
86d92ccd Il sito è soggetto al diritto francese. In caso di controversia, il cliente consumatore può ricorrere gratuitamente a un mediatore del consumo, i cui recapiti sono comunicati su semplice richiesta, oppure alla piattaforma europea di risoluzione online delle controversie.
1cc3d866 Note legali | Portolan
0897b9c4 Editore, hosting, progettazione e proprietà intellettuale del sito Portolan.
36a8d889 In breve
093e2dd0 Raccogliamo solo ciò che serve a rispondere alle sue richieste e a organizzare i suoi soggiorni. I suoi dati sono ospitati in Francia, non vengono mai ceduti e il sito non utilizza cookie pubblicitari né di misurazione del pubblico.
51947911 Titolare del trattamento
c1062621 Portolan SAS, Quai Suffren, 83990 Saint-Tropez. Per qualsiasi domanda: <a href="mailto:donnees@portolan.example">donnees@portolan.example</a>.
3b943bdd I dati che trattiamo
2b0c122a <strong>Il suo account</strong>: nome, e-mail, telefono, lingua. La password è cifrata; nessuno in Portolan può leggerla.
e6c7c823 <strong>Le sue prenotazioni</strong>: yacht, date, orario e porto d'imbarco, numero di ospiti, i suoi desideri.
db98a63f <strong>Le sue richieste</strong> inviate tramite i moduli: recapiti, progetto, messaggio.
c791edef Perché, e su quale base
77b079c2 Gestire il suo account e le sue prenotazioni: esecuzione del contratto o di misure precontrattuali adottate su sua richiesta.
2d329cd9 Rispondere alle sue richieste di dossier, visita o brochure: il suo consenso, espresso selezionando la casella del modulo.
8c621220 Tenere la contabilità: obbligo di legge.
bb23da00 Chi può accedervi
b51abcdc I broker di Portolan e, per un noleggio confermato, il comandante e il proprietario dello yacht interessato. I nostri fornitori tecnici agiscono solo su nostra istruzione: Supabase (database, server a Parigi), GitHub (hosting del sito) e il nostro servizio di invio e-mail.
edac7a36 Alcuni di questi fornitori sono società statunitensi: gli eventuali trasferimenti sono disciplinati dalle clausole contrattuali tipo della Commissione europea.
c3126a40 Per quanto tempo
738d6d37 Account: finché è attivo, poi tre anni dopo il suo ultimo accesso.
05e2a1dd Richieste: tre anni dopo il nostro ultimo scambio.
0e1726eb Prenotazioni e fatture: dieci anni, come previsto dal Codice di commercio francese.
fe5ed70a I suoi diritti
daa7add9 In qualsiasi momento può accedere ai suoi dati, correggerli (i suoi recapiti si modificano anche nella sua area riservata), farli cancellare, limitarne l'uso, opporsi al trattamento, riceverli in un formato leggibile e stabilire direttive per dopo il decesso. Scriva a <a href="mailto:donnees@portolan.example">donnees@portolan.example</a>: rispondiamo entro un mese.
1702bc63 Se ritiene che i suoi diritti non siano rispettati, può rivolgersi all'autorità francese per la protezione dei dati, la CNIL (<a href="https://www.cnil.fr/">cnil.fr</a>).
74fb2bc7 Sicurezza
ee212735 Gli scambi sono cifrati, le password non vengono mai conservate in chiaro e regole rigorose garantiscono che ogni cliente veda solo le proprie prenotazioni.
58f3dcc4 Cookie
33274ba0 Il sito non installa cookie pubblicitari, cookie di misurazione del pubblico né traccianti dei social network. Per questo nessun banner le chiede il consenso.
13190add Nel suo browser viene memorizzato solo l'accesso (archiviazione locale «portolan-session»), perché lei resti collegato alla sua area riservata. Questa archiviazione è strettamente necessaria al servizio richiesto e scompare quando si disconnette.
f2fb19f2 I caratteri tipografici sono forniti dal sito stesso. I link a WhatsApp o Google Maps non caricano nulla finché non ci clicca.
e19c3bc4 Privacy e cookie | Portolan
5ab2c47b Come Portolan protegge i suoi dati personali: dati raccolti, finalità, durata di conservazione, diritti e cookie.
80c0db29 1. Utilizzo del sito
6a795e6c Il sito presenta gli yacht proposti in vendita e a noleggio da Portolan. Caratteristiche, fotografie e prezzi sono indicativi e possono variare; solo il contratto firmato vincola le parti.
135dde1f 2. Il suo account
5fe0b6b2 L'account è personale. Lei si impegna a fornire informazioni esatte e a mantenere riservata la password. Può chiedere in qualsiasi momento la cancellazione dell'account; Portolan può sospendere un account utilizzato in modo abusivo.
0ecacd4a 3. Il ruolo di Portolan
37b4f367 Portolan agisce come broker per conto dei proprietari degli yacht. Il noleggio è regolato da un contratto standard MYBA firmato tra lei e il proprietario; Portolan la accompagna dalla richiesta fino allo sbarco.
40bc948f 4. Prenotare online
d89345d0 La sua prenotazione online è una richiesta: blocca le date scelte («in opzione») il tempo necessario perché il suo broker verifichi la disponibilità dell'equipaggio e le risponda, entro 24 ore.
a8d90f2e Una volta confermata la richiesta, riceve il contratto di noleggio. La prenotazione diventa definitiva alla firma del contratto e al versamento dell'acconto del 50%; il saldo è dovuto un mese prima dell'imbarco.
8b28b2eb Online non viene richiesto alcun pagamento.
36d09c81 5. Prezzi
5cf12fe7 Le tariffe sono indicate a settimana, equipaggio incluso, e calcolate in proporzione alle notti di bassa e alta stagione. Non comprendono le spese di crociera (carburante, cambusa, bevande, porti, comunicazioni), coperte da un anticipo del 30% versato prima della partenza e conguagliato al rientro su giustificativi, né l'IVA, che dipende dalle acque navigate. La mancia all'equipaggio è a sua discrezione.
b561f634 6. Annullamento
37723951 Prima della conferma: annulla liberamente la sua richiesta, con un clic, dalla sua area riservata.
3ff34c68 Dopo la firma del contratto: si applicano le condizioni di annullamento del contratto MYBA. L'acconto resta acquisito al proprietario, salvo se lo yacht viene noleggiato di nuovo per lo stesso periodo.
d5a83378 Se il proprietario non può onorare il noleggio, le somme versate le sono interamente rimborsate, oppure le viene proposto uno yacht equivalente.
346dbe95 7. A bordo
d26f92db Il numero di ospiti non può superare la capacità indicata per ogni yacht. Il comandante è l'unico giudice della sicurezza: può modificare l'itinerario o l'orario di partenza in base al meteo, senza che ciò dia diritto a rimborso.
513a6f5a 8. Legge applicabile
e4fd3c80 Le presenti condizioni sono soggette al diritto francese. Prima di qualsiasi azione legale, le proponiamo di cercare insieme una soluzione amichevole e poi, se necessario, di ricorrere gratuitamente a un mediatore del consumo.
56d614f7 Condizioni d'uso e di noleggio | Portolan
8f6a59b3 Condizioni d'uso del sito e dell'area clienti, e condizioni di prenotazione dei noleggi di yacht con equipaggio.
