# Portolan : traductions (it) des yachts, générées depuis Supabase. Ne pas modifier à la main.
b5f82202 Malta
02298b47 Il bar
6d580b63 Il salone
1505b636 Esterni
f45f7de2 L'avvicinamento
a3405734 La scala
7e60a4de Il corridoio
4f1b9f7f Piattaforma bagno
6bc1318a Atelier Marais
1c67cd38 Ponte principale
76c2c64b Ponte inferiore
0ef055c4 Ponte superiore
fd52d396 La piattaforma bagno
8ec4d09e Il bagno
e7bbe2ce Il ponte di poppa
3e4c5e9b Suite a prua
9d7783e9 Acciaio e alluminio
11b7b6e1 La sala da pranzo
f284392f Il ponte superiore
9700c9b2 2 × MTU 16V 2000 M86
cb4d4dbf Esclusiva Portolan
1b34732d Pampelonne, all'ancora
dc2bae05 La suite armatoriale
9acc2923 Ad alette, attivi all'ancora
89eefcb8 Costruzione su misura, Viareggio
1f3c802b La scala centrale in noce, vetro e ottone
5dcec7a7 Camarat di profilo all'ancora davanti a Pampelonne
431d7e81 La suite armatoriale a prua di Camarat
f4139659 Il ponte di poppa di Camarat, aperto sul salone
fd32614b Accesso all'acqua, garage per il tender, giochi d'acqua
49b00fd1 6 cabine: suite armatoriale, 2 VIP, 3 doppie
abf32910 Il bagno della suite, con vasca di fronte al mare
47eb4d82 Il bar di Camarat, marmo retroilluminato e pelle verde
cf312c95 Il salone di Camarat: noce, travertino e velluto verde
1b124daa Jacuzzi, prendisole, bar esterno, salotto all'ombra
2f905b79 Il ponte superiore di Camarat e la sua jacuzzi al tramonto
acc5d2f8 2 cabine VIP, 3 cabine doppie, alloggi dell'equipaggio
bbd53a28 Camarat visto dal cielo, all'ancora nella baia di Pampelonne
d43eada3 La piattaforma bagno in teak e la scala illuminata di Camarat
30a155d7 La sala da pranzo di Camarat, dieci coperti di fronte al tramonto
725ff7bd Jacuzzi, prendisole e bar esterno, al riparo dal vento
f8fde50c Il corridoio verso la suite, decorato con carte nautiche antiche
5a144111 Ponte di poppa, salone, sala da pranzo, bar, suite armatoriale
5a3634a2 A pelo d'acqua, con accesso diretto ai giochi d'acqua e al tender
b37a1a9c Cinquanta metri di noce, travertino e luce, consegnati nel 2024.
0887bbce 48 m², vetrata curva sul mare, bagno con vasca di fronte all'orizzonte
f03e2be2 Lo yacht Camarat in navigazione al tramonto, davanti a capo Camarat e al suo faro
f4ab2086 Il suo equipaggio di nove persone lo conosce dal varo. All'ancora davanti a Pampelonne gli stabilizzatori lo rendono immobile; in navigazione collega Saint‑Tropez a Monaco in meno di cinque ore.
a40a7f12 Camarat è stato disegnato per il Mediterraneo d'estate: grandi vetrate a tutta altezza, un salone che prosegue sul ponte di poppa senza soglia e una suite armatoriale collocata a prua, di fronte al mare. All'interno il noce dialoga con il travertino e il velluto verde bottiglia, sotto una luce sempre indiretta.
e0f8c4b9 L'atrio
66459e7c Velocità
8d3ac3a9 La poppa
ddb64966 Alluminio
0be4b6a3 Manutenzione
3a55ab0c Beach club
02849dee Sun deck
88e03cec Giroscopica
0b11e34f Il beach club
4266674f Isole Cayman
0407bc99 2 × MTU 16V 2000 M96L
0b3543f0 All'ancora, isole di Lérins
d676f97c Frank Laupman, Omega Architects
21b6ac54 3 cabine VIP, 2 twin, beach club
eb353631 Sky lounge, timoneria, cabina del comandante
bcba17c8 Salone, sala da pranzo, suite armatoriale
19dfcc4a 6 cabine: suite armatoriale, 3 VIP, 2 twin
ea856193 Prendisole, bar, zona pranzo esterna
9616cd2f Aperto su tre lati, con palestra e hammam
2afe69b0 Castellane all'ancora nelle acque turchesi delle isole di Lérins
ba411448 17 nodi di punta, 14 di crociera, con consumi misurati
187ff30b Lo yacht Castellane, scafo blu notte, all'ancora alle isole di Lérins
e28514f6 Seguito dal cantiere fin dalla consegna, storico completo disponibile
56a3b9cb Uno scafo blu notte, veloce e silenzioso, pensato per le traversate.
1d4c9ea9 Il sun deck di Castellane al tramonto, di fronte a Cannes e all'Esterel
c379a1b4 Il beach club di Castellane, aperto sul mare, piattaforme aperte all'ancora
4fb433d7 La suite armatoriale, a tutta larghezza, aperta sul mare da entrambi i lati
036820e1 Il salone di Castellane: rovere chiaro, lino sabbia e lacca blu marina, di fronte alle isole di Lérins
dfbe4958 Castellane appartiene a quella famiglia di yacht olandesi che navigano veloci senza mai farsi sentire. Il suo scafo in alluminio blu notte fila a diciassette nodi e raggiunge la Corsica in giornata.
93aee996 A bordo, il rovere chiaro e il lino color sabbia addolciscono le linee tese degli esterni. Il beach club, a pelo d'acqua, si apre su tre lati quando lo yacht è all'ancora alle isole di Lérins, il suo porto d'armamento.
d70ceb7f Tavola
995d5fe1 Refit 2024
cf8144d7 Di fronte a Monaco
8426db73 Il sun deck
42a87ed0 Giorgio M. Cassetta
af5f2e0f 2 × Caterpillar C32
70f8be45 Con partenza da Monaco
fa2e8a6a In banchina, Port Hercule
95cf0389 2 VIP, 2 doppie, 1 twin
8b7cb6b8 Jacuzzi, prendisole, bar
ecbbf247 Sky lounge, zona pranzo esterna
f50db3bd Uno chef formato nei ristoranti stellati della Riviera
6db6cc05 Portofino, la Corsica o le isole di Lérins in giornata
5b457e39 6 cabine: suite armatoriale, 2 VIP, 2 doppie, 1 twin
5da41ac9 Interni, biancheria e impianti audiovisivi rinnovati
72deb8c3 La tavola apparecchiata per dieci sul ponte, di fronte a Monaco illuminata
e5b87946 L'eleganza italiana, in banchina a Monaco, pronta a salpare.
5b131452 Mistral Blanc in banchina a Port Hercule, illuminato all'ora blu
7fc3764f La suite armatoriale, aperta sulla sua terrazza privata e sul mare
dba43d96 Lo yacht Mistral Blanc in banchina a Port Hercule, Monaco, all'ora blu
69d86d72 La jacuzzi e il bar del sun deck al tramonto, lungo la costa verso Cap Martin
a979e199 Il grande salone di Mistral Blanc: lacca bianca, pelle avorio e oro pallido, di fronte al porto di Monaco
2311e87c Mistral Blanc è stato consegnato a Livorno e interamente rinnovato nel 2024: lacca bianca, frassino chiaro, pelle avorio e tocchi d'oro pallido. Tutto è luminoso, fino al grande salone del ponte principale.
5a5fa22a Con base a Monaco, parte volentieri verso Portofino o la Corsica. Il suo chef ha lavorato dieci anni in ristoranti stellati della Riviera; la tavola si apparecchia sul ponte di poppa, di fronte al porto che si illumina.
f2bac89a Ponte
901cfa6d La dinette
fe65b177 Il pozzetto
9c5d649a Refit 2021
7baff3c7 La discesa
53b5f9d6 Ron Holland
2f3c2666 Regno Unito
afbe2db3 A vela
8511410d Le isole d'Oro
eb7dda42 1 × Caterpillar C18
1b3652ef All'ancora, Porquerolles
ab787d01 La cabina armatoriale
4bf6969c Ketch, vele con avvolgitori
d255731b Acciaio, sovrastruttura in alluminio
f5465a11 Attrezzatura, vele e interni rinnovati
13ba4e61 14 nodi a vela, manovre automatizzate
1630f82d Un ketch dallo scafo verde, per navigare davvero.
e4a99663 Solenne a vela davanti all'isola di Porquerolles
d411bd36 Suite armatoriale, 2 doppie, 1 twin, dinette
32d21ae6 4 cabine: suite armatoriale, 2 doppie, 1 twin
39e43547 Porquerolles, Port‑Cros e il Levant in mezza giornata
3f74bd55 Pozzetto di poppa, salone di coperta, prendisole a prua
c1c71fe3 La barca a vela Solenne, ketch dallo scafo verde, a vela davanti a Porquerolles
f729a732 Il ponte di prua in teak all'ancora, in una caletta turchese di Porquerolles
a12aa14d Il pozzetto di Solenne e le sue due ruote del timone, a vela verso Porquerolles
75beea69 La cabina armatoriale, rivestita in teak, aperta sul mare da due oblò
4fc25ff2 La dinette di Solenne: teak verniciato, tela crema, pelle verde foresta e oblò in ottone
23149738 Sottocoperta, il teak verniciato, la tela crema e la pelle verde foresta ricordano i grandi velieri di un tempo. Porquerolles, Port‑Cros e il Levant sono a mezza giornata di vela da Saint‑Tropez.
b74c41e9 Solenne è una barca a vela che si conduce in sei, senza fatica, grazie agli avvolgitori progettati dal suo cantiere. Il pozzetto in teak si ripara sotto un bimini, e la ruota del timone si condivide con chi vuole imparare.
227bfa82 Flybridge
67c360fc 28 nodi
fbc8a854 Composito
808550ca La piattaforma di poppa
d7c6e19d Francesco Paszkowski
e8e6b406 Pescaggio ridotto
bced06bd 2 × MTU 12V 2000 M96L
7c9ec690 All'ancora, Esterel
f8b6d662 1 VIP, 2 doppie, 1 twin
d5d36435 Da Saint‑Tropez a Cannes in un'ora
d3d72d40 Ventotto nodi, e l'Esterel all'orizzonte.
07958f3d Ancoraggi vicinissimi alle calette dell'Esterel
3b64c507 Salotto, bar e prendisole all'ombra di un hard top
e234ef8f Pozzetto, salone, sala da pranzo, suite armatoriale
d1da4902 Tramontane lanciato a tutta velocità lungo l'Esterel
fa56298c Postazione di comando, bar, salotto esterno, prendisole
db2b6037 5 cabine: suite armatoriale, 1 VIP, 2 doppie, 1 twin
b7b68c00 La piattaforma di poppa a pelo d'acqua, all'ancora in una caletta dell'Esterel
fcf4fedd La cabina armatoriale, testiera in pelle nera e vetrata aperta sull'Esterel
8a3214b9 Lo yacht Tramontane lanciato a tutta velocità lungo le rocce rosse dell'Esterel
8523f10d Il fly di Tramontane, riparato dal suo hard top: bar, postazione di comando e prendisole
18a0d1bc Il salone di Tramontane: eucalipto grigio, pelle nera e pietra chiara, di fronte alle rocce rosse
6f8ed497 A bordo, l'eucalipto grigio, la pelle nera e l'acciaio spazzolato compongono interni rigorosi, quasi architettonici. Il fly, riparato da un hard top, diventa il salone principale non appena il sole è alto.
14a2172e Tramontane è il più vivace della flotta: collega Saint‑Tropez a Cannes in un'ora e lascia il tempo di pranzare alle isole di Lérins prima di rientrare. Lo scafo grigio e le vetrate oscurate gli danno un'aria sportiva.
e653f4c5 Il passavanti
5d8036a2 Terrazza di prua
20bedfb8 Bernardo Zuccon
bada08f6 2 × MAN V12 1800
9ae09db6 Costi contenuti
f284c275 La terrazza di prua
72019f57 In banchina, Saint‑Tropez
a612766d Visitabile a Saint‑Tropez
ce553d9a Postazione di comando, bar, salotto esterno
6ad59f2b Ormeggiato nel porto vecchio, visita su appuntamento
6c257b37 Pozzetto, salone, sala da pranzo, terrazza di prua
4916bcb7 Suite armatoriale, 1 VIP, 2 doppie, 1 twin
9928ea56 Il primo yacht ideale: vivace, luminoso, facile da vivere.
dbdd355a 5 membri d'equipaggio, consumi contenuti in crociera
562222d0 Salotto e prendisole a prua, al riparo dagli sguardi
2fdbd0ba Lo yacht Alizé all'ancora davanti a Saint-Tropez, all'alba
801662ed Alizé all'ancora nel golfo di Saint-Tropez, all'alba
bf067020 La terrazza di prua di Alizé al tramonto, di fronte a Saint-Tropez
b3ba16dc La tavola del pozzetto apparecchiata per sei, di fronte al porto vecchio di Saint-Tropez al tramonto
7b2c62a3 Il salone di Alizé: rovere sbiancato, travertino, rattan e cuscini oliva e terracotta
e1c50797 La cabina armatoriale, testiera in rattan e plaid terracotta, aperta sul mare
dd243a0e Il rovere sbiancato, il travertino, il rattan e i tessuti oliva e terracotta gli danno l'aria di una casa per le vacanze. È ormeggiato nel porto vecchio di Saint‑Tropez, visitabile su appuntamento.
715cdc09 Alizé è stato pensato per una famiglia che naviga molto: volumi luminosi, una grande terrazza di prua e uno scafo che fila a ventiquattro nodi in silenzio. Si conduce con cinque membri d'equipaggio, il che mantiene ragionevoli i costi di gestione.
